<ImportExportXml version="9.2.26013.147" SolutionPackageVersion="9.2" languagecode="1033" generatedBy="CrmLive" xmlns:xsi="http://www.w3.org/2001/XMLSchema-instance" OrganizationVersion="9.2.26013.147" OrganizationSchemaType="Standard" CRMServerServiceabilityVersion="9.2.26014.00152">
  <SolutionManifest>
    <UniqueName>ADCCIDEVINAIV1</UniqueName>
    <LocalizedNames>
      <LocalizedName description="ADCCI DEVIN AI V1" languagecode="1033" />
    </LocalizedNames>
    <Descriptions />
    <Version>1.0.0.2</Version>
    <Managed>1</Managed>
    <Publisher>
      <UniqueName>adcci</UniqueName>
      <LocalizedNames>
        <LocalizedName description="ADCCI" languagecode="1033" />
      </LocalizedNames>
      <Descriptions />
      <EMailAddress xsi:nil="true"></EMailAddress>
      <SupportingWebsiteUrl xsi:nil="true"></SupportingWebsiteUrl>
      <CustomizationPrefix>adcci</CustomizationPrefix>
      <CustomizationOptionValuePrefix>31190</CustomizationOptionValuePrefix>
      <Addresses>
        <Address>
          <AddressNumber>1</AddressNumber>
          <AddressTypeCode>1</AddressTypeCode>
          <City xsi:nil="true"></City>
          <County xsi:nil="true"></County>
          <Country xsi:nil="true"></Country>
          <Fax xsi:nil="true"></Fax>
          <FreightTermsCode xsi:nil="true"></FreightTermsCode>
          <ImportSequenceNumber xsi:nil="true"></ImportSequenceNumber>
          <Latitude xsi:nil="true"></Latitude>
          <Line1 xsi:nil="true"></Line1>
          <Line2 xsi:nil="true"></Line2>
          <Line3 xsi:nil="true"></Line3>
          <Longitude xsi:nil="true"></Longitude>
          <Name xsi:nil="true"></Name>
          <PostalCode xsi:nil="true"></PostalCode>
          <PostOfficeBox xsi:nil="true"></PostOfficeBox>
          <PrimaryContactName xsi:nil="true"></PrimaryContactName>
          <ShippingMethodCode>1</ShippingMethodCode>
          <StateOrProvince xsi:nil="true"></StateOrProvince>
          <Telephone1 xsi:nil="true"></Telephone1>
          <Telephone2 xsi:nil="true"></Telephone2>
          <Telephone3 xsi:nil="true"></Telephone3>
          <TimeZoneRuleVersionNumber xsi:nil="true"></TimeZoneRuleVersionNumber>
          <UPSZone xsi:nil="true"></UPSZone>
          <UTCOffset xsi:nil="true"></UTCOffset>
          <UTCConversionTimeZoneCode xsi:nil="true"></UTCConversionTimeZoneCode>
        </Address>
        <Address>
          <AddressNumber>2</AddressNumber>
          <AddressTypeCode>1</AddressTypeCode>
          <City xsi:nil="true"></City>
          <County xsi:nil="true"></County>
          <Country xsi:nil="true"></Country>
          <Fax xsi:nil="true"></Fax>
          <FreightTermsCode xsi:nil="true"></FreightTermsCode>
          <ImportSequenceNumber xsi:nil="true"></ImportSequenceNumber>
          <Latitude xsi:nil="true"></Latitude>
          <Line1 xsi:nil="true"></Line1>
          <Line2 xsi:nil="true"></Line2>
          <Line3 xsi:nil="true"></Line3>
          <Longitude xsi:nil="true"></Longitude>
          <Name xsi:nil="true"></Name>
          <PostalCode xsi:nil="true"></PostalCode>
          <PostOfficeBox xsi:nil="true"></PostOfficeBox>
          <PrimaryContactName xsi:nil="true"></PrimaryContactName>
          <ShippingMethodCode>1</ShippingMethodCode>
          <StateOrProvince xsi:nil="true"></StateOrProvince>
          <Telephone1 xsi:nil="true"></Telephone1>
          <Telephone2 xsi:nil="true"></Telephone2>
          <Telephone3 xsi:nil="true"></Telephone3>
          <TimeZoneRuleVersionNumber xsi:nil="true"></TimeZoneRuleVersionNumber>
          <UPSZone xsi:nil="true"></UPSZone>
          <UTCOffset xsi:nil="true"></UTCOffset>
          <UTCConversionTimeZoneCode xsi:nil="true"></UTCConversionTimeZoneCode>
        </Address>
      </Addresses>
    </Publisher>
    <RootComponents>
      <RootComponent type="1" schemaName="adx_externalidentity" behavior="2" />
      <RootComponent type="1" schemaName="adx_invitation" behavior="2" />
      <RootComponent type="1" schemaName="adx_webformsession" behavior="2" />
      <RootComponent type="1" schemaName="contact" behavior="0" />
      <RootComponent type="1" schemaName="powerpagessiteaifeedback" behavior="2" />
    </RootComponents>
    <MissingDependencies>
      <MissingDependency>
        <Required type="1" schemaName="adx_externalidentity" displayName="External Identity" solution="PowerPages_RuntimeCore (1.0.2509.1)">
          <package appName="Power Pages Core Package" version="1.1.2510.212">PowerPages_Core (1.1.2510.212)</package>
        </Required>
        <Dependent type="1" schemaName="adx_externalidentity" displayName="External Identity" />
      </MissingDependency>
      <MissingDependency>
        <Required type="1" schemaName="adx_invitation" displayName="Invitation" solution="PowerPages_RuntimeCore (1.0.2509.1)">
          <package appName="Power Pages Core Package" version="1.1.2510.212">PowerPages_Core (1.1.2510.212)</package>
        </Required>
        <Dependent type="1" schemaName="adx_invitation" displayName="Invitation" />
      </MissingDependency>
      <MissingDependency>
        <Required type="1" schemaName="adx_webformsession" displayName="Multistep Form Session" solution="PowerPages_RuntimeCore (1.0.2509.1)">
          <package appName="Power Pages Core Package" version="1.1.2510.212">PowerPages_Core (1.1.2510.212)</package>
        </Required>
        <Dependent type="1" schemaName="adx_webformsession" displayName="Multistep Form Session" />
      </MissingDependency>
      <MissingDependency>
        <Required type="1" schemaName="powerpagessiteaifeedback" displayName="Power Pages Site AI Feedback" solution="PowerPages_RuntimeExtensions (1.1.2501.1)">
          <package appName="Power Pages Core Package" version="1.1.2510.212">PowerPages_Core (1.1.2510.212)</package>
        </Required>
        <Dependent type="1" schemaName="powerpagessiteaifeedback" displayName="Power Pages Site AI Feedback" />
      </MissingDependency>
      <MissingDependency>
        <Required type="10" schemaName="adx_contact_externalidentity" displayName="adx_contact_externalidentity" parentSchemaName="contact" parentDisplayName="Contact" solution="PowerPages_RuntimeCore (1.0.2509.1)">
          <package appName="Power Pages Core Package" version="1.1.2510.212">PowerPages_Core (1.1.2510.212)</package>
        </Required>
        <Dependent type="10" schemaName="adx_contact_externalidentity" displayName="adx_contact_externalidentity" parentSchemaName="contact" parentDisplayName="Contact" />
      </MissingDependency>
      <MissingDependency>
        <Required type="10" schemaName="adx_invitation_invitecontact" displayName="adx_invitation_invitecontact" parentSchemaName="contact" parentDisplayName="Contact" solution="PowerPages_RuntimeCore (1.0.2509.1)">
          <package appName="Power Pages Core Package" version="1.1.2510.212">PowerPages_Core (1.1.2510.212)</package>
        </Required>
        <Dependent type="10" schemaName="adx_invitation_invitecontact" displayName="adx_invitation_invitecontact" parentSchemaName="contact" parentDisplayName="Contact" />
      </MissingDependency>
      <MissingDependency>
        <Required type="10" schemaName="adx_invitation_invitercontact" displayName="adx_invitation_invitercontact" parentSchemaName="contact" parentDisplayName="Contact" solution="PowerPages_RuntimeCore (1.0.2509.1)">
          <package appName="Power Pages Core Package" version="1.1.2510.212">PowerPages_Core (1.1.2510.212)</package>
        </Required>
        <Dependent type="10" schemaName="adx_invitation_invitercontact" displayName="adx_invitation_invitercontact" parentSchemaName="contact" parentDisplayName="Contact" />
      </MissingDependency>
      <MissingDependency>
        <Required type="10" schemaName="adx_invitation_redeemedContact" displayName="adx_invitation_redeemedContact" parentSchemaName="contact" parentDisplayName="Contact" solution="PowerPages_RuntimeCore (1.0.2509.1)">
          <package appName="Power Pages Core Package" version="1.1.2510.212">PowerPages_Core (1.1.2510.212)</package>
        </Required>
        <Dependent type="10" schemaName="adx_invitation_redeemedContact" displayName="adx_invitation_redeemedContact" parentSchemaName="contact" parentDisplayName="Contact" />
      </MissingDependency>
      <MissingDependency>
        <Required type="10" schemaName="adx_webformsession_contact" displayName="adx_webformsession_contact" parentSchemaName="contact" parentDisplayName="Contact" solution="PowerPages_RuntimeCore (1.0.2509.1)">
          <package appName="Power Pages Core Package" version="1.1.2510.212">PowerPages_Core (1.1.2510.212)</package>
        </Required>
        <Dependent type="10" schemaName="adx_webformsession_contact" displayName="adx_webformsession_contact" parentSchemaName="contact" parentDisplayName="Contact" />
      </MissingDependency>
      <MissingDependency>
        <Required type="10" schemaName="PowerPagesSiteAIFeedback_Contact_Contact" displayName="PowerPagesSiteAIFeedback_Contact_Contact" parentSchemaName="contact" parentDisplayName="Contact" solution="PowerPages_RuntimeExtensions (1.1.2501.1)">
          <package appName="Power Pages Core Package" version="1.1.2510.212">PowerPages_Core (1.1.2510.212)</package>
        </Required>
        <Dependent type="10" schemaName="PowerPagesSiteAIFeedback_Contact_Contact" displayName="PowerPagesSiteAIFeedback_Contact_Contact" parentSchemaName="contact" parentDisplayName="Contact" />
      </MissingDependency>
      <MissingDependency>
        <Required type="2" schemaName="adx_contactid" displayName="Contact" parentSchemaName="adx_externalidentity" parentDisplayName="External Identity" solution="PowerPages_RuntimeCore (1.0.2509.1)">
          <package appName="Power Pages Core Package" version="1.1.2510.212">PowerPages_Core (1.1.2510.212)</package>
        </Required>
        <Dependent type="2" schemaName="adx_contactid" displayName="Contact" parentSchemaName="adx_externalidentity" parentDisplayName="External Identity" />
      </MissingDependency>
      <MissingDependency>
        <Required type="2" schemaName="adx_invitecontact" displayName="Invite Contact" parentSchemaName="adx_invitation" parentDisplayName="Invitation" solution="PowerPages_RuntimeCore (1.0.2509.1)">
          <package appName="Power Pages Core Package" version="1.1.2510.212">PowerPages_Core (1.1.2510.212)</package>
        </Required>
        <Dependent type="2" schemaName="adx_invitecontact" displayName="Invite Contact" parentSchemaName="adx_invitation" parentDisplayName="Invitation" />
      </MissingDependency>
      <MissingDependency>
        <Required type="2" schemaName="adx_invitercontact" displayName="Inviter" parentSchemaName="adx_invitation" parentDisplayName="Invitation" solution="PowerPages_RuntimeCore (1.0.2509.1)">
          <package appName="Power Pages Core Package" version="1.1.2510.212">PowerPages_Core (1.1.2510.212)</package>
        </Required>
        <Dependent type="2" schemaName="adx_invitercontact" displayName="Inviter" parentSchemaName="adx_invitation" parentDisplayName="Invitation" />
      </MissingDependency>
      <MissingDependency>
        <Required type="2" schemaName="adx_redeemedcontact" displayName="Redeemed Contact" parentSchemaName="adx_invitation" parentDisplayName="Invitation" solution="PowerPages_RuntimeCore (1.0.2509.1)">
          <package appName="Power Pages Core Package" version="1.1.2510.212">PowerPages_Core (1.1.2510.212)</package>
        </Required>
        <Dependent type="2" schemaName="adx_redeemedcontact" displayName="Redeemed Contact" parentSchemaName="adx_invitation" parentDisplayName="Invitation" />
      </MissingDependency>
      <MissingDependency>
        <Required type="2" schemaName="adx_contact" displayName="Contact" parentSchemaName="adx_webformsession" parentDisplayName="Multistep Form Session" solution="PowerPages_RuntimeCore (1.0.2509.1)">
          <package appName="Power Pages Core Package" version="1.1.2510.212">PowerPages_Core (1.1.2510.212)</package>
        </Required>
        <Dependent type="2" schemaName="adx_contact" displayName="Contact" parentSchemaName="adx_webformsession" parentDisplayName="Multistep Form Session" />
      </MissingDependency>
      <MissingDependency>
        <Required type="2" schemaName="contact" displayName="Contact" parentSchemaName="powerpagessiteaifeedback" parentDisplayName="Power Pages Site AI Feedback" solution="PowerPages_RuntimeExtensions (1.1.2501.1)">
          <package appName="Power Pages Core Package" version="1.1.2510.212">PowerPages_Core (1.1.2510.212)</package>
        </Required>
        <Dependent type="2" schemaName="contact" displayName="Contact" parentSchemaName="powerpagessiteaifeedback" parentDisplayName="Power Pages Site AI Feedback" />
      </MissingDependency>
    </MissingDependencies>
  </SolutionManifest>
</ImportExportXml>