<?xml version="1.0" encoding="utf-8"?>
<Workflow WorkflowId="{50113109-aa77-58c2-b536-fd3ffa4c970a}" Name="ESG Application Process" xmlns:xsi="http://www.w3.org/2001/XMLSchema-instance">
  <XamlFileName>/Workflows/ESGApplicationProcess-50113109-AA77-58C2-B536-FD3FFA4C970A.xaml</XamlFileName>
  <Type>1</Type>
  <Subprocess>0</Subprocess>
  <Category>4</Category>
  <Mode>0</Mode>
  <Scope>4</Scope>
  <OnDemand>0</OnDemand>
  <TriggerOnCreate>1</TriggerOnCreate>
  <TriggerOnDelete>0</TriggerOnDelete>
  <AsyncAutodelete>0</AsyncAutodelete>
  <SyncWorkflowLogOnFailure>0</SyncWorkflowLogOnFailure>
  <StateCode>0</StateCode>
  <StatusCode>1</StatusCode>
  <processorder>0</processorder>
  <processroleassignment>&lt;DisplayConditions&gt;&lt;Role Id="{2654de6e-5373-5504-b559-3fdd0ce865c8}" /&gt;&lt;Role Id="{be3ebb32-a281-51fa-a142-a45baba50098}" /&gt;&lt;Role Id="{20d1630c-6ff7-5960-9bc9-28a74cda97f2}" /&gt;&lt;/DisplayConditions&gt;</processroleassignment>
  <RunAs>1</RunAs>
  <UniqueName>adcci_bpf_50113109aa7758c2b536fd3ffa4c970a</UniqueName>
  <IsTransacted>1</IsTransacted>
  <IntroducedVersion>1.1.0.0</IntroducedVersion>
  <IsCustomizable>1</IsCustomizable>
  <BusinessProcessType>0</BusinessProcessType>
  <IsCustomProcessingStepAllowedForOtherPublishers>1</IsCustomProcessingStepAllowedForOtherPublishers>
  <ProcessTriggerScope>1</ProcessTriggerScope>
  <PrimaryEntity>adcci_esgapplication</PrimaryEntity>
  <LocalizedNames>
    <LocalizedName languagecode="1033" description="ESG Application Process" />
  </LocalizedNames>
  <labels>
    <steplabels id="{f03edf09-1fa8-5640-b902-9913c697eac5}">
      <label languagecode="1033" description="EOI Submission" />
    </steplabels>
    <steplabels id="{2cabeae6-0c5b-5f58-b833-9a71f5126968}">
      <label languagecode="1033" description="EOI Submission" />
    </steplabels>
    <steplabels id="{5873e748-d3cc-54c5-a8a8-af74be3b72ca}">
      <label languagecode="1033" description="Eligibility Screening" />
    </steplabels>
    <steplabels id="{acea4963-e571-5e6e-9f89-40eb0f08ccc4}">
      <label languagecode="1033" description="Eligibility Screening" />
    </steplabels>
    <steplabels id="{de45826f-bb45-57cb-a2f9-4d2bac101f92}">
      <label languagecode="1033" description="Self-Assessment" />
    </steplabels>
    <steplabels id="{fde4e131-b731-509a-90da-aaae722c830f}">
      <label languagecode="1033" description="Self-Assessment" />
    </steplabels>
    <steplabels id="{4376fe88-9268-5659-bd84-790a28fa1115}">
      <label languagecode="1033" description="Document Validation" />
    </steplabels>
    <steplabels id="{a0099d75-2c7b-5b16-b67d-c0827fa85957}">
      <label languagecode="1033" description="Document Validation" />
    </steplabels>
    <steplabels id="{de795e11-25fd-5e37-91c9-1d55690895b3}">
      <label languagecode="1033" description="Scoring & Reporting" />
    </steplabels>
    <steplabels id="{dbffc210-8a00-574d-84ea-b83082d8d997}">
      <label languagecode="1033" description="Scoring & Reporting" />
    </steplabels>
    <steplabels id="{f49054c4-13c2-5879-8477-679a9061200a}">
      <label languagecode="1033" description="Report Endorsement" />
    </steplabels>
    <steplabels id="{7f7fa8c2-11da-5b27-9436-4408efe726d6}">
      <label languagecode="1033" description="Report Endorsement" />
    </steplabels>
    <steplabels id="{8c442923-3356-53a4-bac9-251e8f1d2949}">
      <label languagecode="1033" description="Final Approval" />
    </steplabels>
    <steplabels id="{fa881610-59d8-5c56-9cff-2a7f3c2d586b}">
      <label languagecode="1033" description="Final Approval" />
    </steplabels>
    <steplabels id="{4bc91fc1-366a-51a4-bda7-2ef9b71b2f05}">
      <label languagecode="1033" description="Certification" />
    </steplabels>
    <steplabels id="{e84b32b4-6738-5fa4-9dc8-d1af86cdf957}">
      <label languagecode="1033" description="Certification" />
    </steplabels>
  </labels>
</Workflow>